relative_path	file_name	extension	size_bytes	sha256	publication_action
.gitattributes	.gitattributes		58	978b60d8ec5e4779ce8bb4f0c517c3e5e18a71dd6b988c22dd19a8f554609c73	retain
.github/workflows/ci.yml	ci.yml	.yml	1449	fca43fc7b08464c1eb426ae28203119cecab4c35fe410d0d21b9b85e8fea974c	retain
.gitignore	.gitignore		539	beec1e1f4867ee8735423dcd6093c4d9c2f90456ee23d1c4bb129b235edc418f	retain
ARCHIVE_COMPARISON_REPORT.md	ARCHIVE_COMPARISON_REPORT.md	.md	1117	91e6309177c3e10139fa408a63c75c12632af303e2f2bfcfb986c1f305694f1a	retain
CHANGELOG.md	CHANGELOG.md	.md	1543	3fccbc8884eccc71ce082dc6871bb42d1f2cf989b3eb2d8a3b6d5f40ef5106e2	retain
CITATION.cff	CITATION.cff	.cff	1792	2250644fede6ddc0b1d309012d49ba48b154db61b12ab9ec173252975dba6505	retain
CLEANUP_REPORT.md	CLEANUP_REPORT.md	.md	1024	13ae551d125fd828bf24f0e30314641ea34200eb018449df37976ea944b53c95	retain
CODE_OF_CONDUCT.md	CODE_OF_CONDUCT.md	.md	1450	4e3e18e18349e521be2db7ce1cb9fdb89982478e0b94ea7c6b8c7cee220a45c8	retain
COMMAND_LOG.txt	COMMAND_LOG.txt	.txt	680	06ec08f5878fbdc1176e9b3e7dd363d0c1223d9e8472c89055a8db8a451cc68b	retain
CONTRIBUTING.md	CONTRIBUTING.md	.md	2214	648e0b8a66843efff7150e099b2c2b0fa6ccd963361ed9a82697a24b730fb727	retain
FIGURE_SOURCE_DATA_INDEX.tsv	FIGURE_SOURCE_DATA_INDEX.tsv	.tsv	1090	4ad3d0fdf08f514bf5a18c99b794fe5cf6d323e99aa4aacac780f6e855620d38	retain
FINAL_INDEPENDENT_REVIEW.md	FINAL_INDEPENDENT_REVIEW.md	.md	1766	f06427961dbb5140209706783a5f9ce1954ad40b763f82e15ced51d97fdcbc70	retain
FINAL_PUBLIC_TREE.txt	FINAL_PUBLIC_TREE.txt	.txt	6615	ccb91cce50e9127c66066557cda7800ca0ead3e2ceac96cf6ad474772a0a5e67	retain
GITHUB_CREATION_HANDOFF.md	GITHUB_CREATION_HANDOFF.md	.md	748	764c3453c65cf20ec1b6da4754bb4b6e3301602af1debcac5c1c354927e362f4	retain
LICENSE	LICENSE		1566	1cdf33cf7610e7d0695f3375c7e99856b89b72939c275baf613b8c3b053263f5	retain
LICENSES/CC-BY-4.0.txt	CC-BY-4.0.txt	.txt	18656	9e5f1b3c610b9c2da5c313bf81d577a7d1acec686bdb0384edefa6df0f90cd94	retain
MANUSCRIPT_RESULT_TRACEABILITY.tsv	MANUSCRIPT_RESULT_TRACEABILITY.tsv	.tsv	3367	b2fda4f25e278251147b83166e20e81ce91cf4b1dfb0c4d823da195f5fba8f04	retain
MISSING_ANALYSES_REPORT.md	MISSING_ANALYSES_REPORT.md	.md	896	af686eb036968b04d47441105248f9a3763ac91e36de02dbe25de2e1ae4a1f4b	retain
PLACEHOLDER_UPDATE_CHECKLIST.md	PLACEHOLDER_UPDATE_CHECKLIST.md	.md	974	50855acae5d0efd4ad3f9cb58c0b2469d8b62f3b0b69d6ce6975900ab61980d0	retain
PRE_CLEANUP_FILE_INVENTORY.tsv	PRE_CLEANUP_FILE_INVENTORY.tsv	.tsv	34812	a31ef2004f6ae91f28c8bd5c224103a855f6d0a5dd8f3aea136ffb610703a5ac	retain
PRE_CLEANUP_TREE.txt	PRE_CLEANUP_TREE.txt	.txt	6484	1fbc6efb95d0bf7b3bc85891572eea9579da2f02ab835897812ba0316e9b33a1	retain
PRE_PUBLICATION_CHECKLIST.md	PRE_PUBLICATION_CHECKLIST.md	.md	3762	2bcd4fa41f2b0c81137ad729009668d89ff31e2d36f122bf276ac640221c6af6	retain
PUBLICATION_READINESS_REPORT.md	PUBLICATION_READINESS_REPORT.md	.md	2386	de4f75739e05246b19e1aa623d79dbd18d5b524724e07d965022d2d2f66b8674	retain
README.md	README.md	.md	6164	24207c83abaa0a3ffeb374a24c1fde816f304df8031f5bf335d3161f3317b83f	retain
README.zh-CN.md	README.zh-CN.md	.md	5374	8f2024415397fc5ab5eb591d00e9170743a7f888e2b9ee2d471bad73c85844d3	retain
READY_FOR_GITHUB.md	READY_FOR_GITHUB.md	.md	860	a9bdca2b773bbebd2ff0f7b35c26f93a2ccd12f156fe70854acbefc8c99037d7	retain
RELEASE_NOTES_DRAFT.md	RELEASE_NOTES_DRAFT.md	.md	717	2f7ce77d7d9e4236d97cf9f7ccc3e6465129d92e414d466944d976571fdb5fab	retain
REPRODUCE.md	REPRODUCE.md	.md	4886	d1191e18d269a8d913e94677cafe02c34def9ce407f010466c021472d5a67432	retain
REPRODUCTION_REPORT.md	REPRODUCTION_REPORT.md	.md	1251	c781628c8b5121b32b6aa5628b1170bc9c92aca37fccda2e66a5f4265751af20	retain
SCIENTIFIC_COVERAGE_MATRIX.tsv	SCIENTIFIC_COVERAGE_MATRIX.tsv	.tsv	1623	5ac7835653ed205c8902cd76c4b59a11812caf807e60df6cac184e83fb6f44db	retain
SECURITY.md	SECURITY.md	.md	1279	0cfe90afa3631a295c710748643db20f56f12d001c0168daf69e591045d04f3e	retain
SECURITY_AND_PRIVACY_AUDIT.md	SECURITY_AND_PRIVACY_AUDIT.md	.md	850	657499e98fc7840caa0d1ccbc3a8b9efce99b743681e8ee12ffadb84cfcdcf10	retain
TEST_REPORT.md	TEST_REPORT.md	.md	952	71177ee2c01de4b96bfb58155b21fa248198abf5e758b4bc1142861d4b68068a	retain
THIRD_PARTY.md	THIRD_PARTY.md	.md	3816	51b1735703e91d4f9ba55502280bf58b43783e3c6339186dc21c75c9f6c52e2d	retain
THIRD_PARTY_AUDIT.tsv	THIRD_PARTY_AUDIT.tsv	.tsv	2337	3796819b6e8ae78d1420241173bc76af8400feae131e4415b0fc9043aeba81d5	retain
config/figure_contract.yaml	figure_contract.yaml	.yaml	3343	2ec4460ab72a134f11ffe23985dd1e46269570c19fc9f00752182884adf805ae	retain
config/manuscript.yaml	manuscript.yaml	.yaml	4229	094a2a31d3b0c4d90eb64aa8529b895315c47d1e955cea81cf831457ace5a093	retain
config/schema.json	schema.json	.json	14938	4de9b2469b28d0dec047830301da80ffc9a9af284b2c7b1c27f8078b68976afd	retain
data/README.md	README.md	.md	1212	0c41d28d6e39e07e7f7cc9d5fd5fb62f89b4fd1402dd0e0da7e45a762a9ff456	retain
data/SHA256SUMS	SHA256SUMS		3019	4107a3e217dedd71cfdf237338d38898846fc1ef9f4ed80b536d0cfa0542a26b	retain
data/external_archive_manifest.tsv	external_archive_manifest.tsv	.tsv	109174	825e94ac7547891a49d8dc0857b2d78462930c163e32ad013ca9187d0366cc56	retain
data/manifest.tsv	manifest.tsv	.tsv	10007	ee39966213a406e6b4528dd3c8ce3ecf407cf113c4d675dcbbcf372528941401	retain
data/metadata/asset-rights.tsv	asset-rights.tsv	.tsv	6374	96a47a4ff4599bab7b476a68ddddfd30054ce0a2991846964c5d19728b1832b9	retain
data/metadata/manual_decisions.tsv	manual_decisions.tsv	.tsv	9294	dee1106d6317c2b3649a34f14ca3dcb308a87490f4bc6248965e8ddcfe40a45c	retain
data/metadata/systems.tsv	systems.tsv	.tsv	19333	38c9e289750489fc4b1152a2305e7029ac853aab7441f8febd21cc8f39792709	retain
data/posthoc/md_evidence.csv	md_evidence.csv	.csv	3688	3a5cb0c739db92d5f5bc2971f03b42eb7beb80871e31e156fbd2dde9442fceb0	retain
data/posthoc/redocking_evidence.csv	redocking_evidence.csv	.csv	3175	dad0a051e1e8fa054853da75bb54eee7664da18c0eef6212d50a08639e3d495d	retain
data/posthoc/reference_annotations.csv	reference_annotations.csv	.csv	1195	ddc58efcd4d2cdc5a3df6fa565d80ab458f406adcbe6824ad517815e8df84602	retain
data/static/tool_pocket_features.csv	tool_pocket_features.csv	.csv	490125	e33c0ea0c8dd80e631ccb1f812cd222953707b78c7c4a884679bef340ff886d8	retain
data/structures/1a9m_paired.pdb	1a9m_paired.pdb	.pdb	128205	3983de17c284c56b3a85540f083c33dcf1fbbd7fdc89d340ece5f1dcc67b8232	retain
data/structures/1fap_paired.pdb	1fap_paired.pdb	.pdb	170500	80dc6c76c8d9a12dc74666ea8f8425de3e559718ac935023a456aee41ab78f20	retain
data/structures/1hih_paired.pdb	1hih_paired.pdb	.pdb	127140	d2289c93ff93c4024cf3d5b436a87a7617d8740858f8559dd27c2d58a3e2822d	retain
data/structures/1hsg_paired.pdb	1hsg_paired.pdb	.pdb	127398	b2497baaa6c84fca994305360b4d25d31d0068505ed1df55cc58eea1448f967e	retain
data/structures/1shl_paired.pdb	1shl_paired.pdb	.pdb	129396	acdf2b3fcb3bf316dca1e1ec86b0613a6a47e26c8e628cd8fef0ad6d21329561	retain
data/structures/1tco_paired.pdb	1tco_paired.pdb	.pdb	413751	66fcc1e953575a9f324ce427a29cc4e18b941a21b1d0bab96422b3eb9132c4b5	retain
data/structures/3dji_paired.pdb	3dji_paired.pdb	.pdb	212567	1911891d772cf6785d9638e35dbfef991c685bdf60bab340f1dd0f347c7e1e3f	retain
data/structures/4w9h_paired.pdb	4w9h_paired.pdb	.pdb	430179	9566d7bdbd1d423169b0901406c839e211882c0775546532a346902b64089a09	retain
data/structures/5j89_paired.pdb	5j89_paired.pdb	.pdb	314423	08f54a34b67c1fa110f77e92f389c1bdadd0c6fb42fb182d403e733aef169f13	retain
data/structures/5lge_paired.pdb	5lge_paired.pdb	.pdb	1077782	18604010c23b4f33050c8032348c8e72a8a8f7f0bb3c19bfc6a2f535548c552e	retain
data/structures/5niu_paired.pdb	5niu_paired.pdb	.pdb	163929	99a7b5d50659f5a63552700806b324ed0c29eff62c12ccadf9f8e80ce83d6ba2	retain
data/structures/5tbm_paired.cif	5tbm_paired.cif	.cif	132897	106d7ed448960d6677c4a6879b29efd36bf0436e1805361d6322e679a95e8db8	retain
data/structures/6e3s_paired.pdb	6e3s_paired.pdb	.pdb	712104	28f54c500e66b33ed4e649d7c5f0999d637d86bda07637f3c46da629eeb779fe	retain
data/structures/6r3k_paired.pdb	6r3k_paired.pdb	.pdb	161310	bde1d444ce440e8d4980bccd84a68bc67e85d3143de2d156cc15e986f4fff793	retain
data/structures/6wkq_paired.pdb	6wkq_paired.pdb	.pdb	545104	283c47dc17bca313539b3986579e223eb8ade95033d8b719ed0d59fc94efa2b9	retain
data/structures/7bea_paired.pdb	7bea_paired.pdb	.pdb	158142	074041613f7d108b1d96a1b4ea53bd070bf867dd7525ce555f66374e9006ad01	retain
data/structures/7jra_paired.pdb	7jra_paired.pdb	.pdb	273776	02a925728d19cf0e18ffa2dbc7f36babfe8179b92d35e36becf195d0eac49638	retain
data/structures/7o2i_paired.pdb	7o2i_paired.pdb	.pdb	583488	e447a7c03356af2d05586839b7fd46ca8af100dffd4aa32b348540fdec96d5c3	retain
data/structures/8ea7_paired.pdb	8ea7_paired.pdb	.pdb	320821	779318fa57e0a23ecb61c575932217459dc0ca68d35939752fee971e0e504f98	retain
data/structures/8p1o_paired.pdb	8p1o_paired.pdb	.pdb	167906	4563993fef1266b2d19ee62283c170153d4f0bcd78ef3e87f19e56a85985647f	retain
data/structures/8se5_paired.pdb	8se5_paired.pdb	.pdb	317417	25a193eb06a639dab10ecd8d9e10834fd0f59a47a132f0802b4f447e8d4f85a6	retain
docs/code-and-data-availability-template.md	code-and-data-availability-template.md	.md	1428	7b3a4b3d5cb2207b1b83a738ccc0a3d80cda55143143f03711e0a039332ff063	retain
docs/data-dictionary.md	data-dictionary.md	.md	39803	6856d259cd7de7ceb0f2221739657946bad7c978c47a65ce7d3dc04d02692baa	retain
docs/journal-statements.md	journal-statements.md	.md	7151	b8c8dc8674fbbe55bf871ee5cba8d116170d114a419d0dfb238556330cc04c4c	retain
docs/limitations.md	limitations.md	.md	9993	192bb008aec4a0dd04aa15d5686d8d423d19bf856364a99c440bca27b534375d	retain
docs/methods.md	methods.md	.md	15012	42d5c08dde3c58cd803f4b69891be4f0f92b3b2ad55e4eafccb1b83536201f43	retain
docs/oips-formula.md	oips-formula.md	.md	21984	13fdb48e3434ffcd7cd8a07748febd200d1886507eeb49f7e2a98c8573e28f4a	retain
docs/provenance.md	provenance.md	.md	10941	4313727f8b958554e4b9537f1022339c02f4ac5c5a9bbdf0d5889f244c996eca	retain
docs/terminology-map.md	terminology-map.md	.md	1763	6ae471f0f7562c1670c0091737401f311360c917ce2aa437727e17c854cc6e9a	retain
environment/README.md	README.md	.md	407	f512192edb426e4c1f888d18ba7ed24829dfb021c96a9c23b8b6935e737ea2c9	retain
environment/constraints.txt	constraints.txt	.txt	700	1d147f448a71de81ee2603183767020d60a7f330f033389272307f12028df1e2	retain
environment/environment.yml	environment.yml	.yml	242	ce512a872778cc5ff758c944866cb7135b44536d3f10f924f93ba0102e518e46	retain
examples/toy/README.md	README.md	.md	993	18ad943338260d13cb1989e3b72501c22e7be9515702fb63dddc1e2132cf0495	retain
examples/toy/config/figure_contract.yaml	figure_contract.yaml	.yaml	2983	89bb14e6ed5633ea89a4f192a46252c55f8c0c9548314f00ef627c2e484652b3	retain
examples/toy/config/manuscript.yaml	manuscript.yaml	.yaml	4199	1206b2d187c9f8aea6c2100b890c0c08c9997f6175e750a7fce0265ce6c69a08	retain
examples/toy/config/schema.json	schema.json	.json	14938	4de9b2469b28d0dec047830301da80ffc9a9af284b2c7b1c27f8078b68976afd	retain
examples/toy/data/README.md	README.md	.md	325	0379ca65bcc98b618aaa5f4c5b3671c749e7b7f234f774d9853e612ecf1f70ca	retain
examples/toy/data/SHA256SUMS	SHA256SUMS		1145	33db98ca3f21ea668305e89509eb3f45404c5ad9a27bc40cdbff1abda2cd1ac2	retain
examples/toy/data/external_archive_manifest.tsv	external_archive_manifest.tsv	.tsv	562	af19db1dab6e4afac70bcaab8c239f9e1feb2c29071cb0d9ccd6516c93aefdc8	retain
examples/toy/data/manifest.tsv	manifest.tsv	.tsv	2944	fc5f6c92ce047eec12f46f6e2b4bc9ed11c2e641d847ff843f960f60e1a6c2e0	retain
examples/toy/data/metadata/asset-rights.tsv	asset-rights.tsv	.tsv	1341	77fe94910af8ef2e6571464367bb50da29c85a75fba548039a20984b17a17427	retain
examples/toy/data/metadata/systems.tsv	systems.tsv	.tsv	2224	eb208186b1753890250c151b94164442002193a98a2b592e8735179261716d2e	retain
examples/toy/data/posthoc/md_evidence.csv	md_evidence.csv	.csv	155	6c7ddd696edca4389ac3075b0e7904531ff4ed8487f9748a30f30779f75d98c4	retain
examples/toy/data/posthoc/redocking_evidence.csv	redocking_evidence.csv	.csv	276	eb5a3f0a3464a8ddc8e03a564405b9d4fd6a15ee7f70c7dd54959158411e9292	retain
examples/toy/data/posthoc/reference_annotations.csv	reference_annotations.csv	.csv	247	a915977ae0ee038e3a55c93306ca28f8007c9f61eb016d3c5650a587c95ad75d	retain
examples/toy/data/static/tool_pocket_features.csv	tool_pocket_features.csv	.csv	1566	7721102e5eea9c3cee1b2e5d173ec5261a865805b283794837f0aa5ea22e0b0d	retain
examples/toy/data/structures/4w9h_toy.pdb	4w9h_toy.pdb	.pdb	545	2e4ce76f0448edb80c32d802f1ab264b8d0f312e0baf8be5d75dc1b38cf0ce73	retain
examples/toy/data/structures/5j89_toy.pdb	5j89_toy.pdb	.pdb	545	245a7b6c85352712fefe179ce4ceb366c1ac730025b20a34978abee5aa28165d	retain
examples/toy/data/structures/5tbm_toy.pdb	5tbm_toy.pdb	.pdb	545	2dc7ec2639172a6c0ea8c55d42f67cf443adcae0aa7d6206a4046614e6c96d37	retain
examples/toy/expected_summary.json	expected_summary.json	.json	5095	d1d38bc65d09fd26c0dd438b2a65cc3a445e09d9d737d2aff197360f8b4d48ae	retain
examples/toy/legacy/working-cluster-to-cluster-v2.csv	working-cluster-to-cluster-v2.csv	.csv	183	6586a36a5c12545eef135e5a196142bf23400816ef6a0862902aa5fb64350d8f	retain
figures/manuscript/repository_summary_figure_1_candidate_landscape.svg	repository_summary_figure_1_candidate_landscape.svg	.svg	61433	46f7a211ea7670dce12eb922294758df4c1f0f73da9055a89bd2b386ec78003a	retain
figures/manuscript/repository_summary_figure_2_qc_and_orel_ablation.svg	repository_summary_figure_2_qc_and_orel_ablation.svg	.svg	49150	103bedd9a02b49152ab30c42b4b1da84b0df5c73d1a3d184c814ea27a4f9e337	retain
figures/manuscript/repository_summary_figure_3_posthoc_evidence.svg	repository_summary_figure_3_posthoc_evidence.svg	.svg	50469	5171c86260e39b4c55a30cce76719966dc363e55fb3b4281a2b7e158943d2c03	retain
figures/manuscript/repository_summary_figure_4_representative_cases.svg	repository_summary_figure_4_representative_cases.svg	.svg	45318	b5395b84a46d84687f54a86e76f51263736893cf1400880992a27aa71c031f6f	retain
legacy/working-cluster-to-cluster-v2.csv	working-cluster-to-cluster-v2.csv	.csv	58430	be785a9ef1fcd08bce5c57a29715f970d5ee9a7f618a0a8f6f05876eceed71c1	retain
pyproject.toml	pyproject.toml	.toml	674	761914319215d79a17a37c01225b37034d7e6abf19e9a90dd2a2f9ab435f0934	retain
release/manifest.json	manifest.json	.json	16326	83dcb864e3f10793e3b151762a46e3eca5cb36426e7730698e9119e44d2af1a4	retain
results/reference/analysis/final_automated_evidence_labels.csv	final_automated_evidence_labels.csv	.csv	183619	65a29b40c01fe8d3aadef7fa6c7fddf05fd4e943f8d625ef035566b979ba7198	retain
results/reference/analysis/final_bootstrap_intervals.csv	final_bootstrap_intervals.csv	.csv	1297	587cce8aedf26f3e34bb485ae7006c1154c097dccdd9c1245697f6f1b3de52a7	retain
results/reference/analysis/final_candidate_prioritization_metrics.csv	final_candidate_prioritization_metrics.csv	.csv	387	37229a85b6205304a0009753ad614800937d36eb00026d7c2e1a423a7f15b5e2	retain
results/reference/analysis/final_category_metrics.csv	final_category_metrics.csv	.csv	570	aab8523d29f1e9d9d6269ce210ea6e4c93450a786a507c0866aa278852c1af90	retain
results/reference/analysis/final_cluster_v2_master_table.csv	final_cluster_v2_master_table.csv	.csv	589430	627e5866db6940ef2e8851f6cf1ba1e901f785d5965ae859e8ecfbeae33a6cab	retain
results/reference/analysis/final_family_sensitivity.csv	final_family_sensitivity.csv	.csv	1454	7c352f38ee11ee56a764679b09246a13e77be08264052b1707eec1cd975db707	retain
results/reference/analysis/final_md_cluster_v2_mapping.csv	final_md_cluster_v2_mapping.csv	.csv	7182	b6a2255c0544746527747033e74e9c500aca5d57ecbdcfe307bcedca851498d0	retain
results/reference/analysis/final_orel_ablation_categories.csv	final_orel_ablation_categories.csv	.csv	666	e7f29eb637c0f8d99bdf68d74d4b2467ca88a77575bc471e40eb24a6e82fee0e	retain
results/reference/analysis/final_orel_ablation_targets.csv	final_orel_ablation_targets.csv	.csv	2796	ea1a1eb27944eb84fdadeb9f067677ec40bd7a6181963af74ed7b1e6e310b15b	retain
results/reference/analysis/final_redocking_cluster_v2_mapping.csv	final_redocking_cluster_v2_mapping.csv	.csv	3508	f6d65e7f428ef63ccc44a2ae81ca86cb0accff288395e662ddaa352ddc89f238	retain
results/reference/analysis/final_reference_mapping.csv	final_reference_mapping.csv	.csv	206177	c3f2c4df434362c28b0d2719bfd559f48c086ca05d6406b60c2fb0e8a0dd4ba4	retain
results/reference/analysis/final_top3_automated_QC.csv	final_top3_automated_QC.csv	.csv	20282	223d3df1e533fdc47140c542b6d7dba96bc2fac0c3ef97bc4f02f706df23f166	retain
results/reference/analysis/orel_ablation_cluster_rankings.csv	orel_ablation_cluster_rankings.csv	.csv	28957	71c4c5706837c607ba43f7f23aff53e949a2987dd26a3cbc91fe1b81b810bc91	retain
results/reference/analysis/representative_case_results.csv	representative_case_results.csv	.csv	743	0da666fce8cda46c05a00c72feba5a506c89b44b53e447d921077c9d7fdeb2fa	retain
results/reference/analysis/single_tool_complete_case_metrics.csv	single_tool_complete_case_metrics.csv	.csv	578	3ac6a1875438d007746c7e74041c2617e5258b231f7910a2c988d83aef1b885c	retain
results/reference/analysis/single_tool_target_ranks.csv	single_tool_target_ranks.csv	.csv	6257	4abf97ea4f7552b3b9d510b9b81bb522782d92fbd979847496aec2cff4365544	retain
results/reference/analysis/target_level_candidate_prioritization.csv	target_level_candidate_prioritization.csv	.csv	2751	d1040e63d4f0ef512abe407c6c0a95609870080b30fd247fc311d964cd7c9357	retain
results/reference/analysis/unresolved_cases.csv	unresolved_cases.csv	.csv	24291	650792421c566a54700edfae2c7368499d24c6b7fd2e09b2123fabe4897cd82c	retain
results/reference/analysis/weight_sensitivity_scenarios.csv	weight_sensitivity_scenarios.csv	.csv	1177	981af75a065964f3125c536966749f264a9f97f043d8c56f35c7e312b8cff93d	retain
results/reference/analysis/weight_sensitivity_targets.csv	weight_sensitivity_targets.csv	.csv	950	ae56ad7c87e970fa339b32acfa96af2d1e8270067125c8e4808566d474672b61	retain
results/reference/clustering/cluster_v2_boundary_audit.csv	cluster_v2_boundary_audit.csv	.csv	50301	004df3fa9a732d6c47b8a245466202a82275e77d42f76912266e378d2718aea7	retain
results/reference/clustering/cluster_v2_candidates.csv	cluster_v2_candidates.csv	.csv	378036	c29f235a9aac94761701976cfc6ee69a858163afdf1d60757d970651ca4a710b	retain
results/reference/clustering/cluster_v2_membership.csv	cluster_v2_membership.csv	.csv	109692	c16b4dac0bf40b9a7a213c86331c2132ccbbbf8e302b63a0f740f2d218e1b33b	retain
results/reference/clustering/excluded_unmappable_records.csv	excluded_unmappable_records.csv	.csv	15945	b02332d808186404cb748a3651747d23a69fa3583ced9c462b9160b33daefcb5	retain
results/reference/clustering/tool_record_to_cluster_v2_mapping.csv	tool_record_to_cluster_v2_mapping.csv	.csv	216177	7f0d42bfe726ea392298b08c9096e2e771eb47d96c662720cbcc8049f5353e85	retain
results/reference/figure_source_data/repository_summary_figure_1_candidate_landscape_source_data.csv	repository_summary_figure_1_candidate_landscape_source_data.csv	.csv	7154	706a655ad2114eb91bb690df95dab74dc6d2797d3be15af7419b89aa0cd3983c	retain
results/reference/figure_source_data/repository_summary_figure_2_qc_and_orel_ablation_source_data.csv	repository_summary_figure_2_qc_and_orel_ablation_source_data.csv	.csv	6848	c83b2b21f113142d91beaeffc843ce3c8dc417edabb75a6264c6fd444d074018	retain
results/reference/figure_source_data/repository_summary_figure_3_posthoc_evidence_source_data.csv	repository_summary_figure_3_posthoc_evidence_source_data.csv	.csv	3458	861288f8e9350114c3510ee0bfc2bb6600d2bb864c28673b60b3701bef72dd5e	retain
results/reference/figure_source_data/repository_summary_figure_4_representative_cases_source_data.csv	repository_summary_figure_4_representative_cases_source_data.csv	.csv	2050	e5a5fa1034ef0d1a701a8e4bab98bcc6470d36e98a1567507115555c83ca3fb9	retain
results/reference/reports/analysis_report.md	analysis_report.md	.md	54584	af94df3fd876c85b40182b8792ef366a06881c43ee506106a6d540962d1ac77d	retain
results/reference/reports/numeric_crosscheck.md	numeric_crosscheck.md	.md	3594	9eaecc1f4bbdd20703def864f613265df4a7c7d1b9c6d8c570ed4935eda5759d	retain
results/reference/reports/rebuild_report.md	rebuild_report.md	.md	11756	fdb1d5813cec47e739ee073c0d4221458880eb1604ac5019cd8d6b5733976903	retain
results/reference/reports/validation_report.md	validation_report.md	.md	1835	fb7c562c74a83bddf69037784b2537faca3fca5e99a62ee46783dcdcbc924254	retain
results/reference/static/cluster_v2_master_table.csv	cluster_v2_master_table.csv	.csv	466821	97097182ae35e19a70d4f19a4be806a37bc42608f617d24514dc1cb1a1fa6a40	retain
results/reference/static/cluster_v2_static_rankings.csv	cluster_v2_static_rankings.csv	.csv	487121	766ffd7f6c79d7df568baf66bfa90b292ef70e2f3986c757c94b8c447cfa4b13	retain
results/reproduced/.gitkeep	.gitkeep		1	01ba4719c80b6fe911b091a7c05124b64eeece964e09c058ef8f9805daca546b	retain
scripts/build_release_manifest.py	build_release_manifest.py	.py	8473	8191b46375962256e500b0017a765c6dad90750350acab4981404086d8cb11fc	retain
scripts/prepare_public_data.py	prepare_public_data.py	.py	21905	684d434fb9387d2c330620c72d938159edaaa34cb56eb5229f8d20f0faa6d98d	retain
scripts/public_data_inventory.py	public_data_inventory.py	.py	9639	f0f4edbe8594c2ab8228c67fb2ee94f0c1cc021b597eedd1c4cd59c036049522	retain
scripts/public_data_tables.py	public_data_tables.py	.py	17151	6dce8d5d84d78236402ea82d47fd359deb22e1eb0adb3426767e20c721db18d4	retain
scripts/release_check.py	release_check.py	.py	26076	83ea735e1e1b37ce51eb3bc32b5e84f366c2a6f51a6bb7d1db9d07f7cef45397	retain
src/oips_repro/__init__.py	__init__.py	.py	59	f90224f9cec33b3f65899af09775a57f35e045325a1f92d99b7b7d5bf28ed6c0	retain
src/oips_repro/__main__.py	__main__.py	.py	115	16d2fdcaa95b6b91373c496888351393c29a13d6832735cd1f74186ee59f9427	retain
src/oips_repro/cli.py	cli.py	.py	37935	25091446ed1e666f50d355070d46900a575d9b374aba2065f692f5c9232422c3	retain
src/oips_repro/clustering.py	clustering.py	.py	31098	5f8aa7fef2426af3122a2a2d4b3dd6c0f96f7e6fd3bfc4cd21310eeb192728ac	retain
src/oips_repro/config.py	config.py	.py	15581	213a058f6ef54a27c1bfe3b98ffe50ad7995389ae21f788601d66e525ecc53d7	retain
src/oips_repro/figures.py	figures.py	.py	27066	d884baab20628e3127ab6b1af415363268551e0690a06cb501d1595c3d8b0d1b	retain
src/oips_repro/io.py	io.py	.py	24307	7739619504ff517ddba4b873f37bf30f194899ee57628d44a477877a10472183	retain
src/oips_repro/posthoc.py	posthoc.py	.py	47796	ea4124eeeecab6a1afa3f0bf00115f12fa5efb8281ce795f14964148304c3ac3	retain
src/oips_repro/provenance.py	provenance.py	.py	31490	d06d5adcfd21ec9c66b43b37ea0877cbd2501b1e45c7eac572e65712728d5d78	retain
src/oips_repro/release.py	release.py	.py	4802	53fef568528f8d008c9ee7e5fd5b66972b92fdc1dc43269960c91ed9f55d4c37	retain
src/oips_repro/reports.py	reports.py	.py	18158	9f5355b99af549fd75bec8003ad03501833de876204a2c3ae387a30ce1835548	retain
src/oips_repro/scoring.py	scoring.py	.py	18427	9142873de0d2ee80535fd628dc527876eefd53f4e1fb7ecf1e9b87cdc6113d04	retain
src/oips_repro/single_tool.py	single_tool.py	.py	6995	bf0f66aacdfc4fc1dac80dc0ff0632abeb9fe8b5e8f527605dc4b4de066d514d	retain
src/oips_repro/statistics.py	statistics.py	.py	35273	6a8b73dbcf5b55b924d08cda863e43b0e67b4dd673fbf981541e2dc5994347ce	retain
src/oips_repro/structure.py	structure.py	.py	13266	d25eba1fb739d1c706f812ed2647ea7b54b6b310cb12354b93c4ccc60fd843ea	retain
src/oips_repro/validation.py	validation.py	.py	42565	59eea4084c440711244993b12dd5c123038f4905470640284a8cc4656c0a34f6	retain
tests/integration/test_data_release.py	test_data_release.py	.py	22554	c17cf55f2c070ce35a70c8152e12911ad9ee9d35864ad5e55be6342af2329fa1	retain
tests/integration/test_toy_reproduction.py	test_toy_reproduction.py	.py	9472	ce0c32a3e53ded8248b3b1c9a9645797a07b45899ee8615b7ed92cf94f89e21c	retain
tests/scientific/data/expected_summary.json	expected_summary.json	.json	9552	ca21bfa2a425edc3ca5dbf235008dc7ff84935d70c14af522012b6b683d78b36	retain
tests/scientific/test_metrics_snapshot.py	test_metrics_snapshot.py	.py	8785	9bc5c77243bf6b6e5dc62d97d98337c1baa3536cc9a4635db5456bd2acb06bd5	retain
tests/scientific/test_oips_snapshot.py	test_oips_snapshot.py	.py	9697	af129e05a1ee422cd73e9d078d3973077b986c2b0cba53cc0780c614ce36c4b6	retain
tests/scientific/test_posthoc_snapshot.py	test_posthoc_snapshot.py	.py	5519	5b4dee870badacd71ebfa40b080497c56df1186879c6946e05a2b6d2311ca3ef	retain
tests/unit/test_cli.py	test_cli.py	.py	3915	0f4bc6809b220bb672261111d65753cb47488b606f9d066a5597c884f5140535	retain
tests/unit/test_clustering.py	test_clustering.py	.py	26541	7627f7c32f534d9427e459dbc47248914e3449cb4e3621031148d2bf6f1756ba	retain
tests/unit/test_figures.py	test_figures.py	.py	19240	419e169fe114ebe59228577ba8159a20fa00e0354c308cf2514e73f57b56bd51	retain
tests/unit/test_io.py	test_io.py	.py	1106	a967c2434e4c31e25c8c3ce1a6b57257cbdd0bb6e2b7a47a44de5b8bc0139932	retain
tests/unit/test_posthoc.py	test_posthoc.py	.py	16428	2bf52b4cb75a3abb70134d72eeabbb6a2eff01bc79e0429e3ecfa5634ba4ba18	retain
tests/unit/test_public_data_tables.py	test_public_data_tables.py	.py	2917	3254b3a64018e26d8ad6c14b744a40686074b2495ed9c5532aecc1ccd41e83c0	retain
tests/unit/test_reference_bundle.py	test_reference_bundle.py	.py	4380	d6b49b51887e57b440d2c0d1149ce8a2247f03a80f2f7337a952efc381f160b6	retain
tests/unit/test_reports.py	test_reports.py	.py	3804	bdb22e2c50dfc24a39849f870f0bc286614d7a1ff8cd0b93d7d531a550198dee	retain
tests/unit/test_scoring.py	test_scoring.py	.py	6991	e282206ebc3f9b8ed82d1f2f61bba236aa156355deef32adcb2f3b6d61d1a529	retain
tests/unit/test_statistics.py	test_statistics.py	.py	10018	4f62bc5490d4f8009b36b89775ad02519a0eb9afede3998781d74660dbe3c5fe	retain
tests/unit/test_structure.py	test_structure.py	.py	8734	7845a3c83819458b34b3cd6e5841f7471ae4415098bdce935b6b9641dd4ed5df	retain
tests/unit/test_validation.py	test_validation.py	.py	21140	c014c36d52bea35455ac71ba7da613f185fb4d6bf48d1334b013aff7aadb93c3	retain
