pdb_id,MD_run,Simulation_context,Persistent_MD_contact_residues,MD_contact_center,D_dyn_run_score
1A9M,1A9M,native,A:ASP:25:;A:ASP:29:;A:ASP:30:;A:GLY:27:;A:GLY:49:;A:HIS:48:;A:ILE:50:;B:ASP:25:;B:HIS:48:;B:ILE:50:;B:PRO:81:,44.881;21.719;64.449,77.3846506302521
1FAP,1FAP,native,A:ASP:37:;A:GLN:53:;A:GLU:54:;A:ILE:56:;A:ILE:91:;A:LYS:52:;A:PHE:36:;A:PHE:46:;A:TRP:59:;A:TYR:26:;A:TYR:82:;B:GLU:2032:;B:PHE:2039:;B:PHE:2108:;B:TRP:2101:;B:TYR:2105:,-8.177;25.462;37.712,97.0728410714286
1HIH,1HIH,native,A:ALA:28:;A:ASP:25:;A:ASP:29:;A:GLY:27:;A:GLY:48:;A:ILE:47:;A:ILE:50:;B:ARG:8:;B:ASP:25:;B:ASP:29:;B:ASP:30:;B:ILE:50:;B:ILE:84:;B:VAL:32:,6.136;0.382;14.469,75.2077941176471
1HSG,1HSG,native,A:ASP:25:;A:GLY:27:;A:ILE:50:;A:ILE:84:;A:PRO:81:;A:VAL:82:;B:ALA:28:;B:ARG:8:;B:ASP:25:;B:ASP:29:;B:GLY:27:;B:GLY:48:;B:ILE:50:;B:PRO:81:;B:VAL:32:;B:VAL:82:,14.413;22.980;4.795,86.2746294117647
1TCO,1TCO,native,A:GLU:359:;A:PHE:356:;A:TRP:352:;B:LYS:164:;B:MET:118:;C:ASP:37:;C:GLU:54:;C:HIS:87:;C:ILE:56:;C:ILE:91:;C:PHE:46:;C:TRP:59:;C:TYR:26:;C:TYR:82:,57.839;42.571;55.828,88.4776608479756
3DJI,3DJI,native,A:ILE:64:;A:LYS:32:;A:LYS:66:;A:PHE:113:;A:PRO:33:;A:TYR:36:;C:TYR:95:,-1.221;-31.572;-14.025,71.4308545454546
4W9H,4W9H,native,C:ARG:107:;C:ARG:69:;C:ASN:67:;C:HIS:110:;C:HIS:115:;C:ILE:109:;C:SER:111:;C:TRP:117:;C:TRP:88:;C:TYR:112:;C:TYR:98:,13.683;56.600;88.833,81.7702476922587
5J89,5j89-nolig,apo,,,22.3187074829932
5J89,5j89-lig,native,C:ILE:54:;C:MET:115:;C:TYR:56:;D:ALA:121:;D:ASP:122:;D:ILE:54:;D:LYS:124:;D:PHE:19:;D:TYR:123:;D:TYR:56:,8.581;31.192;181.101,73.2653741594074
5J89,5J89-redock,redock,C:ALA:121:;C:ASP:122:;C:LYS:124:;C:MET:115:;C:PHE:19:;C:TYR:123:;C:TYR:56:;D:GLN:66:;D:MET:115:;D:TYR:56:,14.285;30.463;186.176,73.4031718891403
5LGE,5LGE_lig,native,C:ASN:271:;C:ASP:273:;C:HIS:132:;C:ILE:130:;C:LEU:120:;C:SER:280:;C:TRP:124:;C:TYR:285:;D:ASN:271:;D:GLN:277:;D:LYS:212:;D:VAL:255:;D:VAL:276:;D:VAL:281:,-25.679;-46.907;71.449,82.7781321651388
5LGE,5LGE_redock,redock,C:ASN:271:;C:HIS:132:;C:LYS:212:;C:SER:278:;C:SER:280:;C:TRP:124:;C:VAL:281:;D:GLN:277:;D:LYS:212:;D:VAL:255:;D:VAL:276:,-26.936;-46.681;70.690,88.3520433564166
5NIU,5NIU,native,A:ALA:121:;A:ASN:63:;A:ILE:54:;A:MET:115:;A:TYR:56:;A:VAL:68:;B:ALA:121:;B:ARG:125:;B:ASP:122:;B:ILE:54:;B:LYS:124:;B:THR:20:;B:TYR:123:;B:TYR:56:,12.876;12.696;184.613,78.4938832973273
5TBM,5TBM-nolig,apo,,,0
5TBM,5TBM-lig,native,A:HIS:293:;A:MET:289:;A:PHE:254:;A:TYR:281:,24.289;3.262;-10.519,68.0830458273752
5TBM,5TBM-redock,redock,A:HIS:293:;A:MET:289:;A:PHE:254:;A:SER:292:;A:TYR:281:,25.589;3.123;-9.568,29.4
6E3S,6E3S,native,B:HIS:293:;B:MET:289:;B:PHE:254:;B:TYR:281:;B:TYR:307:,173.522;-124.994;165.164,81.604147852659
6R3K,6R3K,native,A:ALA:121:;A:ASP:73:;A:GLN:66:;A:MET:115:;A:TYR:56:;B:ALA:121:;B:ASP:122:;B:ILE:54:;B:LYS:124:;B:PHE:19:;B:TYR:123:;B:TYR:56:,-13.152;11.745;-20.407,84.1020030625398
6WKQ,6WKQ-lig,native,A:ASN:6841:;A:ASN:6899:;A:ASP:6873:;A:ASP:6897:;A:ASP:6912:;A:ASP:6928:;A:CYS:6913:;A:GLY:6869:;A:GLY:6879:;A:LEU:6898:;A:PHE:6947:;A:THR:6880:;A:TYR:6930:,81.976;13.894;0.856,80.7568616841319
6WKQ,6WKQ-redock,redock,A:ASN:6841:;A:ASN:6899:;A:ASP:6873:;A:ASP:6897:;A:ASP:6912:;A:ASP:6928:;A:ASP:6931:;A:CYS:6913:;A:GLY:6869:;A:GLY:6871:;A:GLY:6879:;A:LEU:6898:;A:PHE:6947:;A:SER:6872:;A:TYR:6930:,81.497;13.642;1.969,71.488706606115
7JRA,7JRA-nolig,apo,,,85.9961071428571
7JRA,7JRA-lig,native,A:LEU:133:;A:LEU:233:;A:TYR:135:;B:TYR:135:;B:TYR:195:;C:LEU:133:;C:TYR:135:;C:TYR:227:,-13.569;-1.248;-27.840,97.8648839285714
7JRA,7JRA-redock,redock,A:LEU:133:;A:LEU:233:;A:LYS:87:;A:TYR:135:;B:TYR:195:;C:LEU:133:;C:TYR:135:;C:TYR:227:,-15.437;-2.367;-28.141,98.9599107142857
