pdb_id,selected_ligand,ligand_status,reference_ligand_annotation,override_applied,decision_id
1A9M,U0E:B:100:,ok,U0E:B:100:,false,not_applicable
1FAP,RAP:A:108:,ok,RAP:A:108:,false,not_applicable
1HIH,C20:B:101:,ok,C20:B:101:,false,not_applicable
1HSG,MK1:B:902:,ok,MK1:B:902:,false,not_applicable
1SHL,FXN:B:401:,ok,FXN:B:401:,false,not_applicable
1TCO,FK5:C:509:,ok,FK5:C:509:,false,not_applicable
3DJI,3E1:B:201:,ok,3E1:B:201:,false,not_applicable
4W9H,3JF:C:301:,ok,3JF:C:301:,false,not_applicable
5J89,6GX:C:201:,ok,6GX:C:201:,false,not_applicable
5LGE,NAP:C:501:,multiple_ligands_manual_check,6VN:D:503:,true,DEC-REF-5LGE-001
5NIU,8YZ:A:201:,ok,8YZ:A:201:,false,not_applicable
5TBM,79A:A:401:,ok,79A:A:401:,false,not_applicable
6E3S,79A:B:401:,ok,79A:B:401:,false,not_applicable
6R3K,JQT:B:201:,ok,JQT:B:201:,false,not_applicable
6WKQ,SFG:A:7103:,ok,SFG:A:7103:,false,not_applicable
7BEA,TK2:A:201:,ok,TK2:A:201:,false,not_applicable
7JRA,VGY:B:301:,ok,VGY:B:301:,false,not_applicable
7O2I,V22:A:601:,ok,V22:A:601:,false,not_applicable
8EA7,VMH:A:302:,ok,VMH:A:302:,false,not_applicable
8P1O,WEW:A:201:,ok,WEW:A:201:,false,not_applicable
8SE5,ZW7:A:303:,ok,ZW7:A:303:,false,not_applicable
